{
  "split": "val",
  "conf_threshold": 0.5,
  "iou_threshold": 0.5,
  "precision": 0.9470404984423676,
  "recall": 0.4655436447166922,
  "mAP50": 0.7097309943323229,
  "mAP50-95": 0.395391674741236
}